group,habitat,taxa,species_1,species_2,interaction,description
group_3,forest,birds,red_bellied_woodpecker,oak,1,support
group_3,forest,birds,northern_flicker,maple,1,support
group_3,forest,birds,red_bellied_woodpecker,red_bellied_woodpecker,-1,calling
group_3,forest,birds,red_bellied_woodpecker,red_bellied_woodpecker,-1,calling
group_3,forest,birds,white_breasted_nuthatch,oak,1,support
group_3,forest,birds,chickadee,elm,1,support
group_3,forest,birds,downy_woodpecker,oak,1,support
group_3,forest,birds,northern_flicker,unk,1,support
group_3,forest,birds,warbling_vireo,sapling,1,support
group_3,forest,birds,chickadee,moss,1,support
group_3,forest,birds,red_bellied_woodpecker,unk,1,support
group_3,wetland,herps,turtle,dead,1,support
group_3,wetland,herps,frog,speaderdock,1,support
group_3,wetland,herps,frog,speaderdock,1,support
group_3,wetland,herps,frog,cattails,1,support
group_3,wetland,herps,frog,cattails,1,support
group_3,wetland,herps,frog,cattails,1,support
group_2,wetland,birds,great_egret,fish,1,foraging
group_2,wetland,birds,killdeer,arthropod,1,foraging
group_2,wetland,birds,killdeer,spotted_sandpiper,-1,competition
group_2,wetland,birds,great_egret,great_egret,-1,competition
group_2,wetland,birds,lesser_yellowlegs,worm,1,foraging
group_4,forest,mammals,racoon,humans,-1,competition
group_4,forest,mammals,racoon,male,1,support
group_4,forest,mammals,chipmunk,dead,1,support
group_4,forest,mammals,chipmunk,dead,1,support
group_4,forest,mammals,chipmunk,oak,1,foraging
group_4,wetland,herps,turtle,dead,1,support
group_4,wetland,herps,frog,arthropod,1,foraging
group_4,wetland,herps,frog,humans,-1,competition
group_4,wetland,herps,great_blue_heron,herp,1,foraging
group_4,wetland,herps,frog,killdeer,-1,competition
group_1,wetland,insects,a_mellifera,aster,0,foraging
group_1,wetland,insects,grasshopper,grass,1,support
group_1,wetland,insects,flies,goose,1,foraging
group_1,wetland,insects,bonefly,aster,0,foraging
group_1,wetland,insects,milkweed_bug,milkweed,1,foraging
group_1,wetland,insects,milkweed_bug,dogsbane,1,foraging
group_1,wetland,birds,goldfinch,cone_flower,1,foraging
group_1,wetland,birds,killdeer,sandpiper,-1,competition
group_1,wetland,birds,canada_goose,unk_plants,1,foraging
group_1,wetland,birds,great_blue_heron,fish,1,foraging
group_2,forest,mammals,white_tailed_deer,grass,1,foraging
group_2,wetland,birds,dudes,dead,1,support
group_2,wetland,birds,dudes,dudes,0,support
group_2,wetland,birds,great_blue_heron,great_blue_heron,0,support
