team,date,site,taxon,count,lab,mls,count.per.ml,sampleID,hectares,landuse,season
2,10/31/23,duck.pond,copepod,117,T,25,4.68,fall.duck.pond.T.2,0.892,natural area,fall
2,10/31/23,duck.pond,ostracod,51,T,25,2.04,fall.duck.pond.T.2,0.892,natural area,fall
2,10/31/23,duck.pond,daphnia,43,T,25,1.72,fall.duck.pond.T.2,0.892,natural area,fall
2,10/31/23,duck.pond,rotifer,14,T,25,0.56,fall.duck.pond.T.2,0.892,natural area,fall
2,10/31/23,duck.pond,chironomid.midge.larva,3,T,25,0.12,fall.duck.pond.T.2,0.892,natural area,fall
4,10/31/23,duck.pond,daphnia,37,T,25,1.48,fall.duck.pond.T.4,0.892,natural area,fall
4,10/31/23,duck.pond,ostracod,4,T,25,0.16,fall.duck.pond.T.4,0.892,natural area,fall
4,10/31/23,duck.pond,amphipod,10,T,25,0.4,fall.duck.pond.T.4,0.892,natural area,fall
4,10/31/23,duck.pond,copepod,11,T,25,0.44,fall.duck.pond.T.4,0.892,natural area,fall
4,10/31/23,duck.pond,rotifer,36,T,25,1.44,fall.duck.pond.T.4,0.892,natural area,fall
4,10/31/23,duck.pond,isopod,1,T,25,0.04,fall.duck.pond.T.4,0.892,natural area,fall
5,11/1/23,duck.pond,clam.shrimp,10,W,15,0.6666666666666666,fall.duck.pond.W.5,0.892,natural area,fall
5,11/1/23,duck.pond,rotifer,65,W,15,4.333333333333333,fall.duck.pond.W.5,0.892,natural area,fall
5,11/1/23,duck.pond,daphnia,26,W,15,1.7333333333333334,fall.duck.pond.W.5,0.892,natural area,fall
5,11/1/23,duck.pond,ostracod,20,W,15,1.3333333333333333,fall.duck.pond.W.5,0.892,natural area,fall
5,11/1/23,duck.pond,chironomid.midge.larva,2,W,15,0.13333333333333333,fall.duck.pond.W.5,0.892,natural area,fall
5,11/1/23,duck.pond,copepod,40,W,15,2.6666666666666665,fall.duck.pond.W.5,0.892,natural area,fall
6,11/1/23,duck.pond,flatworm,3,W,15,0.2,fall.duck.pond.W.6,0.892,natural area,fall
6,11/1/23,duck.pond,ostracod,16,W,15,1.0666666666666669,fall.duck.pond.W.6,0.892,natural area,fall
6,11/1/23,duck.pond,rotifer,2,W,15,0.13333333333333333,fall.duck.pond.W.6,0.892,natural area,fall
6,11/1/23,duck.pond,daphnia,16,W,15,1.0666666666666669,fall.duck.pond.W.6,0.892,natural area,fall
6,11/1/23,duck.pond,copepod,11,W,15,0.7333333333333333,fall.duck.pond.W.6,0.892,natural area,fall
1,11/2/23,duck.pond,copepod,50,R,15,3.3333333333333335,fall.duck.pond.R.1,0.892,natural area,fall
1,11/2/23,duck.pond,daphnia,9,R,15,0.6,fall.duck.pond.R.1,0.892,natural area,fall
1,11/2/23,duck.pond,ostracod,5,R,15,0.3333333333333333,fall.duck.pond.R.1,0.892,natural area,fall
1,11/2/23,duck.pond,amphipod,1,R,15,0.06666666666666667,fall.duck.pond.R.1,0.892,natural area,fall
2,11/2/23,duck.pond,ostracod,34,R,15,2.2666666666666666,fall.duck.pond.R.2,0.892,natural area,fall
2,11/2/23,duck.pond,copepod,14,R,15,0.9333333333333332,fall.duck.pond.R.2,0.892,natural area,fall
2,11/2/23,duck.pond,isopod,1,R,15,0.06666666666666667,fall.duck.pond.R.2,0.892,natural area,fall
2,11/2/23,duck.pond,daphnia,23,R,15,1.5333333333333334,fall.duck.pond.R.2,0.892,natural area,fall
2,11/2/23,duck.pond,chironomid.midge.larva,1,R,15,0.06666666666666667,fall.duck.pond.R.2,0.892,natural area,fall
2,11/2/23,duck.pond,flatworm,2,R,15,0.13333333333333333,fall.duck.pond.R.2,0.892,natural area,fall
2,11/2/23,duck.pond,water.mite,2,R,15,0.13333333333333333,fall.duck.pond.R.2,0.892,natural area,fall
2,11/2/23,duck.pond,damselfly.nymph,1,R,15,0.06666666666666667,fall.duck.pond.R.2,0.892,natural area,fall
2,11/2/23,duck.pond,amphipod,1,R,15,0.06666666666666667,fall.duck.pond.R.2,0.892,natural area,fall
1,10/31/23,hwy20,copepod,4,T,5,0.8,fall.hwy20.T.1,0.109,natural area,fall
1,10/31/23,hwy20,ostracod,9,T,5,1.8,fall.hwy20.T.1,0.109,natural area,fall
1,10/31/23,hwy20,daphnia,4,T,5,0.8,fall.hwy20.T.1,0.109,natural area,fall
1,10/31/23,hwy20,amphipod,9,T,5,1.8,fall.hwy20.T.1,0.109,natural area,fall
1,10/31/23,hwy20,flatworm,8,T,5,1.6,fall.hwy20.T.1,0.109,natural area,fall
1,10/31/23,hwy20,rotifer,184,T,5,36.8,fall.hwy20.T.1,0.109,natural area,fall
1,10/31/23,hwy20,tardigrade,1,T,5,0.2,fall.hwy20.T.1,0.109,natural area,fall
1,10/31/23,hwy20,chironomid.midge.larva,2,T,5,0.4,fall.hwy20.T.1,0.109,natural area,fall
6,10/31/23,hwy20,rotifer,870,T,16,54.375,fall.hwy20.T.6,0.109,natural area,fall
6,10/31/23,hwy20,flatworm,3,T,16,0.1875,fall.hwy20.T.6,0.109,natural area,fall
6,10/31/23,hwy20,copepod,7,T,16,0.4375,fall.hwy20.T.6,0.109,natural area,fall
6,10/31/23,hwy20,chironomid.midge.larva,2,T,16,0.125,fall.hwy20.T.6,0.109,natural area,fall
6,10/31/23,hwy20,nematode,3,T,16,0.1875,fall.hwy20.T.6,0.109,natural area,fall
1,11/1/23,hwy20,copepod,13,W,15,0.8666666666666667,fall.hwy20.W.1,0.109,natural area,fall
1,11/1/23,hwy20,ostracod,16,W,15,1.0666666666666669,fall.hwy20.W.1,0.109,natural area,fall
1,11/1/23,hwy20,daphnia,19,W,15,1.2666666666666666,fall.hwy20.W.1,0.109,natural area,fall
1,11/1/23,hwy20,clam.shrimp,4,W,15,0.26666666666666666,fall.hwy20.W.1,0.109,natural area,fall
1,11/1/23,hwy20,rotifer,1131,W,15,75.4,fall.hwy20.W.1,0.109,natural area,fall
1,11/1/23,hwy20,water.mite,1,W,15,0.06666666666666667,fall.hwy20.W.1,0.109,natural area,fall
2,11/1/23,hwy20,copepod,7,W,10,0.7,fall.hwy20.W.2,0.109,natural area,fall
2,11/1/23,hwy20,ostracod,25,W,10,2.5,fall.hwy20.W.2,0.109,natural area,fall
2,11/1/23,hwy20,daphnia,6,W,10,0.6,fall.hwy20.W.2,0.109,natural area,fall
2,11/1/23,hwy20,nematode,2,W,10,0.2,fall.hwy20.W.2,0.109,natural area,fall
2,11/1/23,hwy20,chironomid.midge.larva,1,W,10,0.1,fall.hwy20.W.2,0.109,natural area,fall
2,11/1/23,hwy20,water.mite,7,W,10,0.7,fall.hwy20.W.2,0.109,natural area,fall
2,11/1/23,hwy20,rotifer,630,W,10,63,fall.hwy20.W.2,0.109,natural area,fall
1,11/2/23,hwy20,copepod,3,R,15,0.2,fall.hwy20.R.1,0.109,natural area,fall
1,11/2/23,hwy20,mosquito.larva,1,R,15,0.06666666666666667,fall.hwy20.R.1,0.109,natural area,fall
1,11/2/23,hwy20,chironomid.midge.larva,2,R,15,0.13333333333333333,fall.hwy20.R.1,0.109,natural area,fall
3,11/2/23,hwy20,ostracod,146,R,15,9.733333333333333,fall.hwy20.R.3,0.109,natural area,fall
3,11/2/23,hwy20,rotifer,141,R,15,9.4,fall.hwy20.R.3,0.109,natural area,fall
3,11/2/23,hwy20,flatworm,2,R,15,0.13333333333333333,fall.hwy20.R.3,0.109,natural area,fall
3,11/2/23,hwy20,copepod,6,R,15,0.4,fall.hwy20.R.3,0.109,natural area,fall
3,11/2/23,hwy20,clam.shrimp,9,R,15,0.6,fall.hwy20.R.3,0.109,natural area,fall
3,11/2/23,hwy20,daphnia,11,R,15,0.7333333333333333,fall.hwy20.R.3,0.109,natural area,fall
3,11/2/23,hwy20,chironomid.midge.larva,1,R,15,0.06666666666666667,fall.hwy20.R.3,0.109,natural area,fall
3,11/2/23,hwy20,mosquito.larva,1,R,15,0.06666666666666667,fall.hwy20.R.3,0.109,natural area,fall
3,11/2/23,hwy20,nematode,1,R,15,0.06666666666666667,fall.hwy20.R.3,0.109,natural area,fall
1,10/31/23,morgan.big,rotifer,362,T,25,14.48,fall.morgan.big.T.1,1.49,suburban,fall
1,10/31/23,morgan.big,ostracod,2,T,25,0.08,fall.morgan.big.T.1,1.49,suburban,fall
1,10/31/23,morgan.big,copepod,5,T,25,0.2,fall.morgan.big.T.1,1.49,suburban,fall
2,10/31/23,morgan.big,rotifer,434,T,9,48.22222222222222,fall.morgan.big.T.2,1.49,suburban,fall
2,10/31/23,morgan.big,copepod,13,T,9,1.4444444444444444,fall.morgan.big.T.2,1.49,suburban,fall
2,10/31/23,morgan.big,ostracod,18,T,9,2,fall.morgan.big.T.2,1.49,suburban,fall
2,10/31/23,morgan.big,daphnia,1,T,9,0.1111111111111111,fall.morgan.big.T.2,1.49,suburban,fall
3,10/31/23,morgan.big,rotifer,165,T,5,33,fall.morgan.big.T.3,1.49,suburban,fall
3,10/31/23,morgan.big,copepod,22,T,5,4.4,fall.morgan.big.T.3,1.49,suburban,fall
3,10/31/23,morgan.big,daphnia,8,T,5,1.6,fall.morgan.big.T.3,1.49,suburban,fall
3,10/31/23,morgan.big,amphipod,2,T,5,0.4,fall.morgan.big.T.3,1.49,suburban,fall
1,11/1/23,morgan.big,copepod,35,W,15,2.3333333333333335,fall.morgan.big.W.1,1.49,suburban,fall
1,11/1/23,morgan.big,ostracod,29,W,15,1.9333333333333331,fall.morgan.big.W.1,1.49,suburban,fall
1,11/1/23,morgan.big,daphnia,47,W,15,3.1333333333333333,fall.morgan.big.W.1,1.49,suburban,fall
1,11/1/23,morgan.big,water.mite,6,W,15,0.4,fall.morgan.big.W.1,1.49,suburban,fall
1,11/1/23,morgan.big,rotifer,1074,W,15,71.6,fall.morgan.big.W.1,1.49,suburban,fall
2,11/1/23,morgan.big,copepod,65,W,15,4.333333333333333,fall.morgan.big.W.2,1.49,suburban,fall
2,11/1/23,morgan.big,ostracod,74,W,15,4.933333333333334,fall.morgan.big.W.2,1.49,suburban,fall
2,11/1/23,morgan.big,daphnia,26,W,15,1.7333333333333334,fall.morgan.big.W.2,1.49,suburban,fall
2,11/1/23,morgan.big,amphipod,6,W,15,0.4,fall.morgan.big.W.2,1.49,suburban,fall
2,11/1/23,morgan.big,rotifer,1650,W,15,110,fall.morgan.big.W.2,1.49,suburban,fall
2,11/1/23,morgan.big,water.mite,50,W,15,3.3333333333333335,fall.morgan.big.W.2,1.49,suburban,fall
2,11/1/23,morgan.big,isopod,3,W,15,0.2,fall.morgan.big.W.2,1.49,suburban,fall
3,11/1/23,morgan.big,daphnia,13,W,15,0.8666666666666667,fall.morgan.big.W.3,1.49,suburban,fall
3,11/1/23,morgan.big,chironomid.midge.larva,1,W,15,0.06666666666666667,fall.morgan.big.W.3,1.49,suburban,fall
3,11/1/23,morgan.big,rotifer,175,W,15,11.666666666666666,fall.morgan.big.W.3,1.49,suburban,fall
3,11/1/23,morgan.big,copepod,7,W,15,0.4666666666666667,fall.morgan.big.W.3,1.49,suburban,fall
3,11/1/23,morgan.big,ostracod,1,W,15,0.06666666666666667,fall.morgan.big.W.3,1.49,suburban,fall
3,11/1/23,morgan.big,water.mite,2,W,15,0.13333333333333333,fall.morgan.big.W.3,1.49,suburban,fall
2,11/2/23,morgan.big,ostracod,46,R,15,3.066666666666667,fall.morgan.big.R.2,1.49,suburban,fall
2,11/2/23,morgan.big,copepod,20,R,15,1.3333333333333333,fall.morgan.big.R.2,1.49,suburban,fall
2,11/2/23,morgan.big,daphnia,19,R,15,1.2666666666666666,fall.morgan.big.R.2,1.49,suburban,fall
2,11/2/23,morgan.big,rotifer,44,R,15,2.933333333333333,fall.morgan.big.R.2,1.49,suburban,fall
2,11/2/23,morgan.big,clam.shrimp,2,R,15,0.13333333333333333,fall.morgan.big.R.2,1.49,suburban,fall
3,11/2/23,morgan.big,ostracod,81,R,15,5.4,fall.morgan.big.R.3,1.49,suburban,fall
3,11/2/23,morgan.big,daphnia,52,R,15,3.466666666666667,fall.morgan.big.R.3,1.49,suburban,fall
3,11/2/23,morgan.big,copepod,35,R,15,2.3333333333333335,fall.morgan.big.R.3,1.49,suburban,fall
3,11/2/23,morgan.big,rotifer,293,R,15,19.533333333333335,fall.morgan.big.R.3,1.49,suburban,fall
3,11/2/23,morgan.big,water.mite,2,R,15,0.13333333333333333,fall.morgan.big.R.3,1.49,suburban,fall
4,10/31/23,morgan.small,copepod,4,T,25,0.16,fall.morgan.small.T.4,0.96,suburban,fall
4,10/31/23,morgan.small,ostracod,5,T,25,0.2,fall.morgan.small.T.4,0.96,suburban,fall
4,10/31/23,morgan.small,rotifer,43,T,25,1.72,fall.morgan.small.T.4,0.96,suburban,fall
4,10/31/23,morgan.small,nematode,2,T,25,0.08,fall.morgan.small.T.4,0.96,suburban,fall
4,10/31/23,morgan.small,chironomid.midge.larva,7,T,25,0.28,fall.morgan.small.T.4,0.96,suburban,fall
5,10/31/23,morgan.small,rotifer,38,T,25,1.52,fall.morgan.small.T.5,0.96,suburban,fall
5,10/31/23,morgan.small,copepod,46,T,25,1.84,fall.morgan.small.T.5,0.96,suburban,fall
5,10/31/23,morgan.small,ostracod,1,T,25,0.04,fall.morgan.small.T.5,0.96,suburban,fall
4,11/1/23,morgan.small,rotifer,86,W,15,5.733333333333333,fall.morgan.small.W.4,0.96,suburban,fall
4,11/1/23,morgan.small,copepod,49,W,15,3.2666666666666666,fall.morgan.small.W.4,0.96,suburban,fall
4,11/1/23,morgan.small,clam.shrimp,1,W,15,0.06666666666666667,fall.morgan.small.W.4,0.96,suburban,fall
4,11/1/23,morgan.small,water.mite,2,W,15,0.13333333333333333,fall.morgan.small.W.4,0.96,suburban,fall
4,11/1/23,morgan.small,ostracod,5,W,15,0.3333333333333333,fall.morgan.small.W.4,0.96,suburban,fall
5,11/1/23,morgan.small,rotifer,99,W,15,6.6,fall.morgan.small.W.5,0.96,suburban,fall
5,11/1/23,morgan.small,daphnia,31,W,15,2.066666666666667,fall.morgan.small.W.5,0.96,suburban,fall
5,11/1/23,morgan.small,copepod,7,W,15,0.4666666666666667,fall.morgan.small.W.5,0.96,suburban,fall
5,11/1/23,morgan.small,chironomid.midge.larva,1,W,15,0.06666666666666667,fall.morgan.small.W.5,0.96,suburban,fall
5,11/1/23,morgan.small,ostracod,2,W,15,0.13333333333333333,fall.morgan.small.W.5,0.96,suburban,fall
5,11/1/23,morgan.small,flatworm,1,W,15,0.06666666666666667,fall.morgan.small.W.5,0.96,suburban,fall
5,11/1/23,morgan.small,nematode,7,W,15,0.4666666666666667,fall.morgan.small.W.5,0.96,suburban,fall
5,11/1/23,morgan.small,leech,1,W,15,0.06666666666666667,fall.morgan.small.W.5,0.96,suburban,fall
6,11/1/23,morgan.small,ostracod,35,W,15,2.3333333333333335,fall.morgan.small.W.6,0.96,suburban,fall
6,11/1/23,morgan.small,daphnia,2,W,15,0.13333333333333333,fall.morgan.small.W.6,0.96,suburban,fall
6,11/1/23,morgan.small,copepod,1,W,15,0.06666666666666667,fall.morgan.small.W.6,0.96,suburban,fall
6,11/1/23,morgan.small,rotifer,11,W,15,0.7333333333333333,fall.morgan.small.W.6,0.96,suburban,fall
1,11/2/23,morgan.small,ostracod,3,R,15,0.2,fall.morgan.small.R.1,0.96,suburban,fall
1,11/2/23,morgan.small,daphnia,9,R,15,0.6,fall.morgan.small.R.1,0.96,suburban,fall
4,11/2/23,morgan.small,ostracod,19,R,15,1.2666666666666666,fall.morgan.small.R.4,0.96,suburban,fall
4,11/2/23,morgan.small,rotifer,68,R,15,4.533333333333333,fall.morgan.small.R.4,0.96,suburban,fall
4,11/2/23,morgan.small,daphnia,16,R,15,1.0666666666666669,fall.morgan.small.R.4,0.96,suburban,fall
4,11/2/23,morgan.small,flatworm,8,R,15,0.5333333333333333,fall.morgan.small.R.4,0.96,suburban,fall
4,11/2/23,morgan.small,copepod,2,R,15,0.13333333333333333,fall.morgan.small.R.4,0.96,suburban,fall
4,11/2/23,morgan.small,clam.shrimp,3,R,15,0.2,fall.morgan.small.R.4,0.96,suburban,fall
4,11/2/23,morgan.small,chironomid.midge.larva,1,R,15,0.06666666666666667,fall.morgan.small.R.4,0.96,suburban,fall
3,10/31/23,oberlin.reservoir,rotifer,1501,T,13,115.46153846153848,fall.oberlin.reservoir.T.3,21.736,rural,fall
3,10/31/23,oberlin.reservoir,chironomid.midge.larva,13,T,13,1,fall.oberlin.reservoir.T.3,21.736,rural,fall
3,10/31/23,oberlin.reservoir,copepod,3,T,13,0.2307692307692308,fall.oberlin.reservoir.T.3,21.736,rural,fall
3,10/31/23,oberlin.reservoir,ostracod,2,T,13,0.15384615384615383,fall.oberlin.reservoir.T.3,21.736,rural,fall
3,10/31/23,oberlin.reservoir,flatworm,1,T,13,0.07692307692307693,fall.oberlin.reservoir.T.3,21.736,rural,fall
5,10/31/23,oberlin.reservoir,copepod,16,T,20,0.8,fall.oberlin.reservoir.T.5,21.736,rural,fall
5,10/31/23,oberlin.reservoir,ostracod,4,T,20,0.2,fall.oberlin.reservoir.T.5,21.736,rural,fall
5,10/31/23,oberlin.reservoir,rotifer,216,T,20,10.8,fall.oberlin.reservoir.T.5,21.736,rural,fall
3,11/1/23,oberlin.reservoir,rotifer,371,W,15,24.733333333333334,fall.oberlin.reservoir.W.3,21.736,rural,fall
3,11/1/23,oberlin.reservoir,copepod,15,W,15,1,fall.oberlin.reservoir.W.3,21.736,rural,fall
3,11/1/23,oberlin.reservoir,ostracod,20,W,15,1.3333333333333333,fall.oberlin.reservoir.W.3,21.736,rural,fall
3,11/1/23,oberlin.reservoir,daphnia,13,W,15,0.8666666666666667,fall.oberlin.reservoir.W.3,21.736,rural,fall
3,11/1/23,oberlin.reservoir,water.mite,7,W,15,0.4666666666666667,fall.oberlin.reservoir.W.3,21.736,rural,fall
3,11/1/23,oberlin.reservoir,chironomid.midge.larva,1,W,15,0.06666666666666667,fall.oberlin.reservoir.W.3,21.736,rural,fall
3,11/1/23,oberlin.reservoir,mosquito.larva,2,W,15,0.13333333333333333,fall.oberlin.reservoir.W.3,21.736,rural,fall
4,11/1/23,oberlin.reservoir,rotifer,301,W,15,20.066666666666663,fall.oberlin.reservoir.W.4,21.736,rural,fall
4,11/1/23,oberlin.reservoir,copepod,15,W,15,1,fall.oberlin.reservoir.W.4,21.736,rural,fall
4,11/1/23,oberlin.reservoir,ostracod,1,W,15,0.06666666666666667,fall.oberlin.reservoir.W.4,21.736,rural,fall
4,11/1/23,oberlin.reservoir,water.mite,5,W,15,0.3333333333333333,fall.oberlin.reservoir.W.4,21.736,rural,fall
4,11/1/23,oberlin.reservoir,daphnia,5,W,15,0.3333333333333333,fall.oberlin.reservoir.W.4,21.736,rural,fall
4,11/1/23,oberlin.reservoir,clam.shrimp,1,W,15,0.06666666666666667,fall.oberlin.reservoir.W.4,21.736,rural,fall
4,11/2/23,oberlin.reservoir,ostracod,9,R,15,0.6,fall.oberlin.reservoir.R.4,21.736,rural,fall
4,11/2/23,oberlin.reservoir,copepod,20,R,15,1.3333333333333333,fall.oberlin.reservoir.R.4,21.736,rural,fall
4,11/2/23,oberlin.reservoir,daphnia,5,R,15,0.3333333333333333,fall.oberlin.reservoir.R.4,21.736,rural,fall
4,11/2/23,oberlin.reservoir,amphipod,1,R,15,0.06666666666666667,fall.oberlin.reservoir.R.4,21.736,rural,fall
4,11/2/23,oberlin.reservoir,rotifer,666,R,15,44.4,fall.oberlin.reservoir.R.4,21.736,rural,fall
4,11/2/23,oberlin.reservoir,mosquito.larva,3,R,15,0.2,fall.oberlin.reservoir.R.4,21.736,rural,fall
4,11/2/23,oberlin.reservoir,damselfly.nymph,2,R,15,0.13333333333333333,fall.oberlin.reservoir.R.4,21.736,rural,fall
5,4/10/24,hwy20,water-mite,3,W,5,0.6,spring.hwy20.W.5,0.109,natural area,spring
5,4/10/24,hwy20,copepod,6,W,5,1.2,spring.hwy20.W.5,0.109,natural area,spring
5,4/10/24,hwy20,amphipod,7,W,5,1.4,spring.hwy20.W.5,0.109,natural area,spring
5,4/10/24,hwy20,rotifer,10,W,5,2,spring.hwy20.W.5,0.109,natural area,spring
5,4/10/24,hwy20,daphnia,12,W,5,2.4,spring.hwy20.W.5,0.109,natural area,spring
5,4/10/24,hwy20,clam-shrimp,34,W,5,6.8,spring.hwy20.W.5,0.109,natural area,spring
5,4/10/24,hwy20,ostracod,71,W,5,14.2,spring.hwy20.W.5,0.109,natural area,spring
5,4/10/24,morgan.small,rotifer,1,W,5,0.2,spring.morgan.small.W.5,0.96,suburban,spring
5,4/10/24,morgan.small,mosquito-larva,3,W,5,0.6,spring.morgan.small.W.5,0.96,suburban,spring
5,4/10/24,morgan.small,water-mite,3,W,5,0.6,spring.morgan.small.W.5,0.96,suburban,spring
5,4/10/24,morgan.small,amphipod,7,W,5,1.4,spring.morgan.small.W.5,0.96,suburban,spring
5,4/10/24,morgan.small,ostracod,15,W,5,3,spring.morgan.small.W.5,0.96,suburban,spring
5,4/10/24,morgan.small,clam-shrimp,24,W,5,4.8,spring.morgan.small.W.5,0.96,suburban,spring
2,4/9/24,duck.pond,rotifer,1,T,5,0.2,spring.duck.pond.T.2,0.892,natural area,spring
2,4/9/24,duck.pond,ostracod,1,T,5,0.2,spring.duck.pond.T.2,0.892,natural area,spring
2,4/9/24,duck.pond,daphnia,2,T,5,0.4,spring.duck.pond.T.2,0.892,natural area,spring
2,4/9/24,duck.pond,amphipod,5,T,5,1,spring.duck.pond.T.2,0.892,natural area,spring
2,4/9/24,duck.pond,copepod,12,T,5,2.4,spring.duck.pond.T.2,0.892,natural area,spring
2,4/9/24,morgan.big,copepod,1,T,5,0.2,spring.morgan.big.T.2,1.49,suburban,spring
2,4/9/24,morgan.big,water-mite,1,T,5,0.2,spring.morgan.big.T.2,1.49,suburban,spring
2,4/9/24,morgan.big,clam-shrimp,2,T,5,0.4,spring.morgan.big.T.2,1.49,suburban,spring
2,4/9/24,morgan.big,rotifer,2,T,5,0.4,spring.morgan.big.T.2,1.49,suburban,spring
2,4/9/24,morgan.big,ostracod,2,T,5,0.4,spring.morgan.big.T.2,1.49,suburban,spring
2,4/9/24,morgan.big,flatworm,6,T,5,1.2,spring.morgan.big.T.2,1.49,suburban,spring
2,4/10/24,oberlin.reservoir,amphipod,1,W,5,0.2,spring.oberlin.reservoir.W.2,21.736,rural,spring
2,4/10/24,oberlin.reservoir,ostracod,2,W,5,0.4,spring.oberlin.reservoir.W.2,21.736,rural,spring
2,4/10/24,oberlin.reservoir,copepod,23,W,5,4.6,spring.oberlin.reservoir.W.2,21.736,rural,spring
2,4/10/24,oberlin.reservoir,daphnia,61,W,5,12.2,spring.oberlin.reservoir.W.2,21.736,rural,spring
6,4/10/24,hwy20,clam-shrimp,1,W,5,0.2,spring.hwy20.W.6,0.109,natural area,spring
6,4/10/24,hwy20,copepod,1,W,5,0.2,spring.hwy20.W.6,0.109,natural area,spring
6,4/10/24,hwy20,chironomid-midge-larvae,1,W,5,0.2,spring.hwy20.W.6,0.109,natural area,spring
6,4/10/24,hwy20,mosquito-larva,1,W,5,0.2,spring.hwy20.W.6,0.109,natural area,spring
6,4/10/24,hwy20,nematode,1,W,5,0.2,spring.hwy20.W.6,0.109,natural area,spring
6,4/10/24,hwy20,flatworm,2,W,5,0.4,spring.hwy20.W.6,0.109,natural area,spring
6,4/10/24,hwy20,water-mite,4,W,5,0.8,spring.hwy20.W.6,0.109,natural area,spring
6,4/10/24,hwy20,daphnia,5,W,5,1,spring.hwy20.W.6,0.109,natural area,spring
6,4/10/24,hwy20,rotifer,42,W,5,8.4,spring.hwy20.W.6,0.109,natural area,spring
6,4/10/24,hwy20,ostracod,105,W,5,21,spring.hwy20.W.6,0.109,natural area,spring
6,4/10/24,morgan.big,copepod,1,W,5,0.2,spring.morgan.big.W.6,1.49,suburban,spring
6,4/10/24,morgan.big,dragonfly-nymph,1,W,5,0.2,spring.morgan.big.W.6,1.49,suburban,spring
6,4/10/24,morgan.big,flatworm,1,W,5,0.2,spring.morgan.big.W.6,1.49,suburban,spring
6,4/10/24,morgan.big,chironomid-midge-larvae,1,W,5,0.2,spring.morgan.big.W.6,1.49,suburban,spring
6,4/10/24,morgan.big,rotifer,1,W,5,0.2,spring.morgan.big.W.6,1.49,suburban,spring
6,4/10/24,morgan.big,clam-shrimp,3,W,5,0.6,spring.morgan.big.W.6,1.49,suburban,spring
6,4/10/24,morgan.big,daphnia,5,W,5,1,spring.morgan.big.W.6,1.49,suburban,spring
6,4/10/24,morgan.big,ostracod,31,W,5,6.2,spring.morgan.big.W.6,1.49,suburban,spring
6,4/9/24,morgan.big,copepod,1,T,5,0.2,spring.morgan.big.T.6,1.49,suburban,spring
6,4/9/24,morgan.big,daphnia,1,T,5,0.2,spring.morgan.big.T.6,1.49,suburban,spring
6,4/9/24,morgan.big,isopod,1,T,5,0.2,spring.morgan.big.T.6,1.49,suburban,spring
6,4/9/24,morgan.big,mosquito-larva,5,T,5,1,spring.morgan.big.T.6,1.49,suburban,spring
6,4/9/24,morgan.big,rotifer,6,T,5,1.2,spring.morgan.big.T.6,1.49,suburban,spring
6,4/9/24,morgan.big,ostracod,26,T,5,5.2,spring.morgan.big.T.6,1.49,suburban,spring
6,4/9/24,oberlin.reservoir,copepod,9,T,5,1.8,spring.oberlin.reservoir.T.6,21.736,rural,spring
6,4/9/24,oberlin.reservoir,daphnia,12,T,5,2.4,spring.oberlin.reservoir.T.6,21.736,rural,spring
4,4/10/24,duck.pond,chironomid-midge-larvae,2,W,5,0.4,spring.duck.pond.W.4,0.892,natural area,spring
4,4/10/24,duck.pond,copepod,3,W,5,0.6,spring.duck.pond.W.4,0.892,natural area,spring
4,4/10/24,duck.pond,amphipod,4,W,5,0.8,spring.duck.pond.W.4,0.892,natural area,spring
4,4/10/24,duck.pond,daphnia,5,W,5,1,spring.duck.pond.W.4,0.892,natural area,spring
4,4/10/24,morgan.big,copepod,1,W,5,0.2,spring.morgan.big.W.4,1.49,suburban,spring
4,4/10/24,morgan.big,daphnia,1,W,5,0.2,spring.morgan.big.W.4,1.49,suburban,spring
4,4/10/24,morgan.big,amphipod,2,W,5,0.4,spring.morgan.big.W.4,1.49,suburban,spring
4,4/10/24,morgan.big,water-mite,2,W,5,0.4,spring.morgan.big.W.4,1.49,suburban,spring
4,4/10/24,duck.pond,ostracod,1,T,5,0.2,spring.duck.pond.T.4,0.892,natural area,spring
4,4/10/24,duck.pond,amphipod,2,T,5,0.4,spring.duck.pond.T.4,0.892,natural area,spring
4,4/10/24,duck.pond,rotifer,6,T,5,1.2,spring.duck.pond.T.4,0.892,natural area,spring
4,4/10/24,duck.pond,daphnia,7,T,5,1.4,spring.duck.pond.T.4,0.892,natural area,spring
4,4/10/24,duck.pond,copepod,19,T,5,3.8,spring.duck.pond.T.4,0.892,natural area,spring
2,4/10/24,morgan.big,amphipod,1,W,5,0.2,spring.morgan.big.W.2,1.49,suburban,spring
2,4/10/24,morgan.big,daphnia,1,W,5,0.2,spring.morgan.big.W.2,1.49,suburban,spring
2,4/10/24,morgan.big,isopod,1,W,5,0.2,spring.morgan.big.W.2,1.49,suburban,spring
2,4/10/24,morgan.big,copepod,2,W,5,0.4,spring.morgan.big.W.2,1.49,suburban,spring
2,4/10/24,morgan.big,ostracod,2,W,5,0.4,spring.morgan.big.W.2,1.49,suburban,spring
2,4/10/24,morgan.big,rotifer,14,W,5,2.8,spring.morgan.big.W.2,1.49,suburban,spring
1,4/9/24,morgan.small,amphipod,2,T,5,0.4,spring.morgan.small.T.1,0.96,suburban,spring
1,4/9/24,morgan.small,isopod,2,T,5,0.4,spring.morgan.small.T.1,0.96,suburban,spring
1,4/9/24,morgan.small,mosquito-larva,2,T,5,0.4,spring.morgan.small.T.1,0.96,suburban,spring
1,4/9/24,morgan.small,rotifer,3,T,5,0.6,spring.morgan.small.T.1,0.96,suburban,spring
1,4/9/24,morgan.small,clam-shrimp,7,T,5,1.4,spring.morgan.small.T.1,0.96,suburban,spring
1,4/9/24,morgan.small,water-mite,8,T,5,1.6,spring.morgan.small.T.1,0.96,suburban,spring
1,4/9/24,morgan.small,copepod,9,T,5,1.8,spring.morgan.small.T.1,0.96,suburban,spring
1,4/9/24,morgan.small,ostracod,10,T,5,2,spring.morgan.small.T.1,0.96,suburban,spring
1,4/9/24,morgan.small,flatworm,11,T,5,2.2,spring.morgan.small.T.1,0.96,suburban,spring
1,4/9/24,morgan.small,chironomid-midge-larvae,14,T,5,2.8,spring.morgan.small.T.1,0.96,suburban,spring
1,4/9/24,morgan.small,daphnia,15,T,5,3,spring.morgan.small.T.1,0.96,suburban,spring
1,4/9/24,oberlin.reservoir,copepod,102,T,5,20.4,spring.oberlin.reservoir.T.1,21.736,rural,spring
1,4/9/24,oberlin.reservoir,daphnia,184,T,5,36.8,spring.oberlin.reservoir.T.1,21.736,rural,spring
5,4/9/24,hwy20,mosquito-larva,2,T,5,0.4,spring.hwy20.T.5,0.109,natural area,spring
5,4/9/24,hwy20,clam-shrimp,3,T,5,0.6,spring.hwy20.T.5,0.109,natural area,spring
5,4/9/24,hwy20,isopod,3,T,5,0.6,spring.hwy20.T.5,0.109,natural area,spring
5,4/9/24,hwy20,flatworm,4,T,5,0.8,spring.hwy20.T.5,0.109,natural area,spring
5,4/9/24,hwy20,water-mite,5,T,5,1,spring.hwy20.T.5,0.109,natural area,spring
5,4/9/24,hwy20,daphnia,9,T,5,1.8,spring.hwy20.T.5,0.109,natural area,spring
5,4/9/24,hwy20,copepod,19,T,5,3.8,spring.hwy20.T.5,0.109,natural area,spring
5,4/9/24,hwy20,rotifer,73,T,5,14.6,spring.hwy20.T.5,0.109,natural area,spring
5,4/9/24,hwy20,ostracod,75,T,5,15,spring.hwy20.T.5,0.109,natural area,spring
5,4/9/24,morgan.small,clam-shrimp,1,T,5,0.2,spring.morgan.small.T.5,0.96,suburban,spring
5,4/9/24,morgan.small,chironomid-midge-larvae,1,T,5,0.2,spring.morgan.small.T.5,0.96,suburban,spring
5,4/9/24,morgan.small,mosquito-larva,1,T,5,0.2,spring.morgan.small.T.5,0.96,suburban,spring
5,4/9/24,morgan.small,copepod,2,T,5,0.4,spring.morgan.small.T.5,0.96,suburban,spring
5,4/9/24,morgan.small,daphnia,3,T,5,0.6,spring.morgan.small.T.5,0.96,suburban,spring
5,4/9/24,morgan.small,rotifer,27,T,5,5.4,spring.morgan.small.T.5,0.96,suburban,spring
5,4/9/24,morgan.small,ostracod,30,T,5,6,spring.morgan.small.T.5,0.96,suburban,spring
3,4/9/24,morgan.small,clam-shrimp,1,T,5,0.2,spring.morgan.small.T.3,0.96,suburban,spring
3,4/9/24,morgan.small,copepod,1,T,5,0.2,spring.morgan.small.T.3,0.96,suburban,spring
3,4/9/24,morgan.small,mosquito-larva,1,T,5,0.2,spring.morgan.small.T.3,0.96,suburban,spring
3,4/9/24,morgan.small,rotifer,1,T,5,0.2,spring.morgan.small.T.3,0.96,suburban,spring
3,4/9/24,morgan.small,daphnia,2,T,5,0.4,spring.morgan.small.T.3,0.96,suburban,spring
3,4/9/24,morgan.small,chironomid-midge-larvae,2,T,5,0.4,spring.morgan.small.T.3,0.96,suburban,spring
3,4/9/24,morgan.small,ostracod,13,T,5,2.6,spring.morgan.small.T.3,0.96,suburban,spring
3,4/9/24,oberlin.reservoir,mosquito-larva,1,T,5,0.2,spring.oberlin.reservoir.T.3,21.736,rural,spring
3,4/9/24,oberlin.reservoir,rotifer,29,T,5,5.8,spring.oberlin.reservoir.T.3,21.736,rural,spring
3,4/9/24,oberlin.reservoir,daphnia,34,T,5,6.8,spring.oberlin.reservoir.T.3,21.736,rural,spring
3,4/9/24,oberlin.reservoir,copepod,43,T,5,8.6,spring.oberlin.reservoir.T.3,21.736,rural,spring
3,4/9/24,oberlin.reservoir,ostracod,199,T,5,39.8,spring.oberlin.reservoir.T.3,21.736,rural,spring
3,4/10/24,duck.pond,dragonfly-nymph,1,W,5,0.2,spring.duck.pond.W.3,0.892,natural area,spring
3,4/10/24,duck.pond,water-mite,1,W,5,0.2,spring.duck.pond.W.3,0.892,natural area,spring
3,4/10/24,duck.pond,amphipod,2,W,5,0.4,spring.duck.pond.W.3,0.892,natural area,spring
3,4/10/24,duck.pond,copepod,2,W,5,0.4,spring.duck.pond.W.3,0.892,natural area,spring
3,4/10/24,duck.pond,damselfly-nymph,2,W,5,0.4,spring.duck.pond.W.3,0.892,natural area,spring
3,4/10/24,duck.pond,daphnia,2,W,5,0.4,spring.duck.pond.W.3,0.892,natural area,spring
3,4/10/24,duck.pond,mosquito-larva,8,W,5,1.6,spring.duck.pond.W.3,0.892,natural area,spring
3,4/10/24,morgan.small,amphipod,1,W,5,0.2,spring.morgan.small.W.3,0.96,suburban,spring
3,4/10/24,morgan.small,daphnia,1,W,5,0.2,spring.morgan.small.W.3,0.96,suburban,spring
3,4/10/24,morgan.small,water-mite,1,W,5,0.2,spring.morgan.small.W.3,0.96,suburban,spring
3,4/10/24,morgan.small,rotifer,2,W,5,0.4,spring.morgan.small.W.3,0.96,suburban,spring
3,4/10/24,morgan.small,ostracod,9,W,5,1.8,spring.morgan.small.W.3,0.96,suburban,spring
1,4/10/24,morgan.small,amphipod,1,W,5,0.2,spring.morgan.small.W.1,0.96,suburban,spring
1,4/10/24,morgan.small,daphnia,1,W,5,0.2,spring.morgan.small.W.1,0.96,suburban,spring
1,4/10/24,morgan.small,mosquito-larva,2,W,5,0.4,spring.morgan.small.W.1,0.96,suburban,spring
1,4/10/24,morgan.small,rotifer,11,W,5,2.2,spring.morgan.small.W.1,0.96,suburban,spring
1,4/10/24,morgan.small,chironomid-midge-larvae,19,W,5,3.8,spring.morgan.small.W.1,0.96,suburban,spring
1,4/10/24,morgan.small,ostracod,46,W,5,9.2,spring.morgan.small.W.1,0.96,suburban,spring
1,4/10/24,oberlin.reservoir,mosquito-larva,1,W,5,0.2,spring.oberlin.reservoir.W.1,21.736,rural,spring
1,4/10/24,oberlin.reservoir,nematode,1,W,5,0.2,spring.oberlin.reservoir.W.1,21.736,rural,spring
1,4/10/24,oberlin.reservoir,amphipod,2,W,5,0.4,spring.oberlin.reservoir.W.1,21.736,rural,spring
1,4/10/24,oberlin.reservoir,rotifer,2,W,5,0.4,spring.oberlin.reservoir.W.1,21.736,rural,spring
1,4/10/24,oberlin.reservoir,clam-shrimp,10,W,5,2,spring.oberlin.reservoir.W.1,21.736,rural,spring
1,4/10/24,oberlin.reservoir,copepod,13,W,5,2.6,spring.oberlin.reservoir.W.1,21.736,rural,spring
1,4/10/24,oberlin.reservoir,daphnia,43,W,5,8.6,spring.oberlin.reservoir.W.1,21.736,rural,spring
4,4/9/24,morgan.big,copepod,1,T,4,0.25,spring.morgan.big.T.4,1.49,suburban,spring
