lab.day,date,team,collectors,quadrat.number,vegetation.type,soil.moisture,soil.ph,soil.temp,light,number.active.burrows,number.closed.burrows,total.burrows,pct.open.burrows,notes,pH,N,P,K,soil.type
tue,4/23,1,"Mya Valdez, Kit Evans, Ale Bernal, and Andres Adam",1,stage1.mowed,9,6.4,13,2,1,1,2,50.0,2 total,5.5,3,5,5,Loamy sand
tue,4/23,1,^,2,stage1.mowed,8,6.5,12,3,2,3,5,40.0,5 total,7.5,4,5,5,Sand
tue,4/23,1,^,3,stage1.mowed,10,6.6,12,2,0,3,3,0.0,3 total,6.5,3,4,5,Sandy loam
tue,4/23,1,^,4,stage1.mowed,7,6.6,12,2,1,0,1,100.0,1 total,6.5,3,4,5,Loamy sand
tue,4/23,1,^,5,stage1.mowed,8,6.6,11,1,3,5,8,37.5,8 total,7,5,4,5,Sandy loam
tue,4/23,2,"Evan Hamilton, Natalie Scott, Cecelia Santiago, Amanda Farkas",1,stage2.grasses.herbs,10,7,14,0,4,1,5,80.0,,6.5,3,5,5,Sandy loam
tue,4/23,2,"Evan Hamilton, Natalie Scott, Cecelia Santiago, Amanda Farkas",2,stage2.grasses.herbs,10,6.5,11,1,3,3,6,50.0,,7.5,1,4,4,Loamy sand
tue,4/23,2,"Evan Hamilton, Natalie Scott, Cecelia Santiago, Amanda Farkas",3,stage2.grasses.herbs,10,7,10,1,8,5,13,61.5,,7.5,4,5,5,Sandy loam
tue,4/23,2,"Evan Hamilton, Natalie Scott, Cecelia Santiago, Amanda Farkas",4,stage2.grasses.herbs,1,6.7,11,1,4,4,8,50.0,,6.5,4,5,5,Sandy loam
tue,4/23,2,"Evan Hamilton, Natalie Scott, Cecelia Santiago, Amanda Farkas",5,stage2.grasses.herbs,0,6.4,13,0,2,4,6,33.3,,7.5,4,5,5,Loamy sand
tue,4/23,3,"Eliana Moorhead, Robert Lanpher, Emmy Saarnio, Luisa Wang",1,stage3.grasses.shrubs.trees,10,7,12,4,1,0,1,100.0,"Tall tree, clay texture of soil",7.5,4,5,5,Loamy sand
tue,4/23,3,"Eliana Moorhead, Robert Lanpher, Emmy Saarnio, Luisa Wang",2,stage3.grasses.shrubs.trees,9,7,13,2,2,0,2,100.0,"Moss and pockets of grass, small woody shrubs (<2ft)",7,4,5,5,Sandy loam
tue,4/23,3,"Eliana Moorhead, Robert Lanpher, Emmy Saarnio, Luisa Wang",3,stage3.grasses.shrubs.trees,10,6.2,13,3,1,0,1,100.0,SNAKE!,6,4,5,5,Loamy sand
tue,4/23,3,"Eliana Moorhead, Robert Lanpher, Emmy Saarnio, Luisa Wang",4,stage3.grasses.shrubs.trees,10,6.7,12,2,5,0,5,100.0,WORM!,7,4,5,5,Loamy sand
tue,4/23,3,"Eliana Moorhead, Robert Lanpher, Emmy Saarnio, Luisa Wang",5,stage3.grasses.shrubs.trees,10,6.4,13,2,3,2,5,60.0,,7.5,5,5,5,Loamy sand
tue,4/23,4,"Pranav, Clay, Liana, Frances",1,stage1.mowed,8,7,10,3,1,1,2,50.0,moisture imputed based on other measurements from stage 1 vegetation,7,4,3,5,Sandy loam
tue,4/23,4,,2,stage1.mowed,6,7,10,2,4,0,4,100.0,moisture imputed based on other measurements from stage 1 vegetation,7.5,4,5,5,Loamy sand
tue,4/23,4,,3,stage1.mowed,7,7,10,3,7,1,8,87.5,moisture imputed based on other measurements from stage 1 vegetation,7.5,3,5,5,Loamy sand
tue,4/23,4,,4,stage1.mowed,7,7,10,1,2,1,3,66.7,moisture imputed based on other measurements from stage 1 vegetation,7.5,4,4,5,Loamy sand
tue,4/23,4,,5,stage1.mowed,8,7,10,1,5,0,5,100.0,moisture imputed based on other measurements from stage 1 vegetation,7.5,3,5,5,Loamy sand
tue,4/23,5,Ellie,1,stage2.grasses.herbs,10,7.2,11.7,2,3,5,8,37.5,,7.5,5,4,5,Sandy loam
tue,4/23,5,Ella,2,stage2.grasses.herbs,10,7,13.9,2,4,6,10,40.0,,7.5,5,5,5,Sandy loam
tue,4/23,5,Namu,3,stage2.grasses.herbs,10,6.7,13.9,1,4,6,10,40.0,,7.5,3,5,5,Sandy loam
tue,4/23,5,Ollie,4,stage2.grasses.herbs,10,6.7,13.9,2,4,14,18,22.2,,7.5,5,5,5,Sandy loam
tue,4/23,5,,5,stage2.grasses.herbs,10,6.7,13.9,2,2,5,7,28.6,,7.5,4,5,5,Loamy sand
tue,4/23,6,"Ellie, Mica, AJ",1,stage3.grasses.shrubs.trees,10,5.5,11.7,4,0,0,0,,,7.5,3,4,5,Sandy loam
tue,4/23,6,"Ellie, Mica, AJ",2,stage3.grasses.shrubs.trees,10,6.5,11.7,3,0,0,0,,,7.5,3,4,5,Loamy sand
tue,4/23,6,"Ellie, Mica, AJ",3,stage3.grasses.shrubs.trees,10,6.3,11.7,3,0,1,1,0.0,,6.5,4,3,5,Loam
tue,4/23,6,"Ellie, Mica, AJ",4,stage3.grasses.shrubs.trees,10,6.4,12.8,4,2,1,3,66.7,,7.5,4,5,5,Sandy loam
tue,4/23,6,"Ellie, Mica, AJ",5,stage3.grasses.shrubs.trees,9,6.5,12.8,4,0,0,0,,,7.5,5,5,5,Sandy loam
wed,4/24,1,"Grace Weber, Marlena Hall, Zaera Craig, Valentine Perdu-Ripault",1,stage1.mowed,4,6.1,6,2,2,2,4,50.0,Closed burrows (not counted in column K): 2,5.5,3,5,5,Sandy loam
wed,4/24,1,"Grace Weber, Marlena Hall, Zaera Craig, Valentine Perdu-Ripault",2,stage1.mowed,5,6.7,6,1,0,0,0,,0,7.5,4,5,5,Loamy sand
wed,4/24,1,"Grace Weber, Marlena Hall, Zaera Craig, Valentine Perdu-Ripault",3,stage1.mowed,4,7,6,1,1,0,1,100.0,0,6.5,3,4,5,Sandy loam
wed,4/24,1,"Grace Weber, Marlena Hall, Zaera Craig, Valentine Perdu-Ripault",4,stage1.mowed,6,6.5,7,2,1,2,3,33.3,2,6.5,3,4,5,Loamy sand
wed,4/24,1,"Grace Weber, Marlena Hall, Zaera Craig, Valentine Perdu-Ripault",5,stage1.mowed,3,6.4,6,4,0,1,1,0.0,1,7,5,4,5,Loamy sand
wed,4/24,2,"Ellie, Euan, Skye, Cody",1,stage2.grasses.herbs,9,8.1,9,2,2,1,3,66.7,1 closed burrow,6.5,3,5,5,Sandy loam
wed,4/24,2,"Ellie, Euan, Skye, Cody",2,stage2.grasses.herbs,4,7,8,2,1,2,3,33.3,2 closed burrows,7.5,1,4,4,Sandy loam
wed,4/24,2,"Ellie, Euan, Skye, Cody",3,stage2.grasses.herbs,2,7,8,1,0,1,1,0.0,1 closed burrow,7.5,4,5,5,Sandy loam
wed,4/24,2,"Ellie, Euan, Skye, Cody",4,stage2.grasses.herbs,3,7,8,1,1,0,1,100.0,0 closed burrows,6.5,4,5,5,Sandy loam
wed,4/24,2,"Ellie, Euan, Skye, Cody",5,stage2.grasses.herbs,2,7,8,2,3,0,3,100.0,0 closed burrows,7.5,4,5,5,Sandy loam
wed,4/24,3,"Allison, Eva, Ian, Bryce",1,stage3.grasses.shrubs.trees,10,6.7,10,1,0,0,0,,no closed burrows,7.5,4,5,5,Loamy sand
wed,4/24,3,"Allison, Eva, Ian, Bryce",2,stage3.grasses.shrubs.trees,9,6.2,10,3,0,0,0,,no closed burrows,7,4,5,5,Loamy sand
wed,4/24,3,"Allison, Eva, Ian, Bryce",3,stage3.grasses.shrubs.trees,8,6.6,8,2,0,0,0,,no closed burrows,6,4,5,5,Loamy sand
wed,4/24,3,"Allison, Eva, Ian, Bryce",4,stage3.grasses.shrubs.trees,9,6,8,3,0,0,0,,no closed burrows,7,4,5,5,Loamy sand
wed,4/24,3,"Allison, Eva, Ian, Bryce",5,stage3.grasses.shrubs.trees,8,6.7,9,1,0,0,0,,no closed burrows,7.5,5,5,5,Loamy sand
wed,4/24,4,"Bryn, Randall, Avi, Kat",1,stage1.mowed,7,7,8,4,0,1,1,0.0,,7,4,3,5,Loamy sand
wed,4/24,4,"Bryn, Randall, Avi, Kat",2,stage1.mowed,7,6.4,8,4,4,2,6,66.7,,7.5,4,5,5,Sandy loam
wed,4/24,4,"Bryn, Randall, Avi, Kat",3,stage1.mowed,5,6.5,8,3,2,1,3,66.7,,7.5,3,5,5,Sand
wed,4/24,4,"Bryn, Randall, Avi, Kat",4,stage1.mowed,7,6.5,9,5,0,0,0,,,7.5,4,4,5,Sandy loam
wed,4/24,4,"Bryn, Randall, Avi, Kat",5,stage1.mowed,7,6.6,8,5,1,1,2,50.0,,7.5,3,5,5,Loamy sand
wed,4/24,5,Nora,1,stage2.grasses.herbs,9,7,5,4,0,0,0,,0 closed,7.5,5,4,5,Sand
wed,4/24,5,Audrey,2,stage2.grasses.herbs,10,7,5,2,0,1,1,0.0,1 closed,7.5,5,5,5,Loamy sand
wed,4/24,5,Luke,3,stage2.grasses.herbs,9,7,7,3,4,0,4,100.0,very mossy,7.5,3,5,5,Sandy loam
wed,4/24,5,Caitlin,4,stage2.grasses.herbs,9,7,8,2,1,0,1,100.0,especially hard mud,7.5,5,5,5,Sand
wed,4/24,5,(all for all),5,stage2.grasses.herbs,7,6.6,6,2,2,1,3,66.7,1 closed,7.5,4,5,5,Loamy sand
wed,4/24,6,"Lily, Chloe, Kelli, Evan",1,stage3.grasses.shrubs.trees,10,7,8,3,0,0,0,,0 closed,7.5,3,4,5,Loamy sand
wed,4/24,6,"Lily, Chloe, Kelli, Evan",2,stage3.grasses.shrubs.trees,8,7,6,2,0,0,0,,0 closed,7.5,3,4,5,Sandy loam
wed,4/24,6,"Lily, Chloe, Kelli, Evan",3,stage3.grasses.shrubs.trees,8,7,6,2,1,1,2,50.0,1 closed,6.5,4,3,5,Sandy loam
wed,4/24,6,"Lily, Chloe, Kelli, Evan",4,stage3.grasses.shrubs.trees,8,7,7,2,0,1,1,0.0,1 closed,7.5,4,5,5,Sandy loam
wed,4/24,6,"Lily, Chloe, Kelli, Evan",5,stage3.grasses.shrubs.trees,8,7,5,3,2,3,5,40.0,3 closed,7.5,5,5,5,Sandy loam