lab.day,date,team,collectors,quadrat.number,vegetation.type,soil.moisture,soil.ph,soil.temp,light,number.active.burrows,notes,ph,N,P,K,id
tue,4/23,1,"Mya Valdez, Kit Evans, Ale Bernal, and Andres Adam",1,stage1.mowed,9,6.4,13,2,1,2 total,NA,NA,NA,NA,tue.1.1
tue,4/23,1,"Mya Valdez, Kit Evans, Ale Bernal, and Andres Adam",2,stage1.mowed,8,6.5,12,3,2,5 total,NA,NA,NA,NA,tue.1.2
tue,4/23,1,"Mya Valdez, Kit Evans, Ale Bernal, and Andres Adam",3,stage1.mowed,10,6.6,12,2,0,3 total,NA,NA,NA,NA,tue.1.3
tue,4/23,1,"Mya Valdez, Kit Evans, Ale Bernal, and Andres Adam",4,stage1.mowed,7,6.6,12,2,1,1 total,NA,NA,NA,NA,tue.1.4
tue,4/23,1,"Mya Valdez, Kit Evans, Ale Bernal, and Andres Adam",5,stage1.mowed,8,6.6,11,1,3,8 total,NA,NA,NA,NA,tue.1.5
tue,4/23,2,"Evan Hamilton, Natalie Scott, Cecelia Santiago, Amanda Farkas",1,stage2.grasses.herbs,10,7,14,0,4,NA,NA,NA,NA,NA,tue.2.1
tue,4/23,2,"Evan Hamilton, Natalie Scott, Cecelia Santiago, Amanda Farkas",2,stage2.grasses.herbs,10,6.5,11,1,3,NA,NA,NA,NA,NA,tue.2.2
tue,4/23,2,"Evan Hamilton, Natalie Scott, Cecelia Santiago, Amanda Farkas",3,stage2.grasses.herbs,10,7,10,1,8,NA,NA,NA,NA,NA,tue.2.3
tue,4/23,2,"Evan Hamilton, Natalie Scott, Cecelia Santiago, Amanda Farkas",4,stage2.grasses.herbs,1,6.7,11,1,4,NA,NA,NA,NA,NA,tue.2.4
tue,4/23,2,"Evan Hamilton, Natalie Scott, Cecelia Santiago, Amanda Farkas",5,stage2.grasses.herbs,0,6.4,13,0,2,NA,NA,NA,NA,NA,tue.2.5
tue,4/23,3,"Eliana Moorhead, Robert Lanpher, Emmy Saarnio, Luisa Wang",1,stage3.grasses.shrubs.trees,10,7,12,4,1,"Tall tree, clay texture of soil",NA,NA,NA,NA,tue.3.1
tue,4/23,3,"Eliana Moorhead, Robert Lanpher, Emmy Saarnio, Luisa Wang",2,stage3.grasses.shrubs.trees,9,7,13,2,2,"Moss and pockets of grass, small woody shrubs (<2ft)",NA,NA,NA,NA,tue.3.2
tue,4/23,3,"Eliana Moorhead, Robert Lanpher, Emmy Saarnio, Luisa Wang",3,stage3.grasses.shrubs.trees,10,6.2,13,3,1,SNAKE!,NA,NA,NA,NA,tue.3.3
tue,4/23,3,"Eliana Moorhead, Robert Lanpher, Emmy Saarnio, Luisa Wang",4,stage3.grasses.shrubs.trees,10,6.7,12,2,5,WORM!,NA,NA,NA,NA,tue.3.4
tue,4/23,3,"Eliana Moorhead, Robert Lanpher, Emmy Saarnio, Luisa Wang",5,stage3.grasses.shrubs.trees,10,6.4,13,2,3,NA,NA,NA,NA,NA,tue.3.5
tue,4/23,4,"Pranav, Clay, Liana, Frances",1,stage1.mowed,0,7,10,3,1,NA,NA,NA,NA,NA,tue.4.1
tue,4/23,4,"Pranav, Clay, Liana, Frances",2,stage1.mowed,0,7,10,2,4,NA,NA,NA,NA,NA,tue.4.2
tue,4/23,4,"Pranav, Clay, Liana, Frances",3,stage1.mowed,0,7,10,3,7,NA,NA,NA,NA,NA,tue.4.3
tue,4/23,4,"Pranav, Clay, Liana, Frances",4,stage1.mowed,0,7,10,1,2,NA,NA,NA,NA,NA,tue.4.4
tue,4/23,4,"Pranav, Clay, Liana, Frances",5,stage1.mowed,0,7,10,1,5,NA,NA,NA,NA,NA,tue.4.5
tue,4/23,5,Ellie,1,stage2.grasses.herbs,10,7.2,11.7,2,3,NA,NA,NA,NA,NA,tue.5.1
tue,4/23,5,Ella,2,stage2.grasses.herbs,10,7,13.9,2,4,NA,NA,NA,NA,NA,tue.5.2
tue,4/23,5,Namu,3,stage2.grasses.herbs,10,6.7,13.9,1,4,NA,NA,NA,NA,NA,tue.5.3
tue,4/23,5,Ollie,4,stage2.grasses.herbs,10,6.7,13.9,2,4,NA,NA,NA,NA,NA,tue.5.4
tue,4/23,5,Ollie,5,stage2.grasses.herbs,10,6.7,13.9,2,2,NA,NA,NA,NA,NA,tue.5.5
tue,4/23,6,"Ellie, Mica, AJ",1,stage3.grasses.shrubs.trees,10,5.5,11.7,4,0,NA,NA,NA,NA,NA,tue.6.1
tue,4/23,6,"Ellie, Mica, AJ",2,stage3.grasses.shrubs.trees,10,6.5,11.7,3,0,NA,NA,NA,NA,NA,tue.6.2
tue,4/23,6,"Ellie, Mica, AJ",3,stage3.grasses.shrubs.trees,10,6.3,11.7,3,0,NA,NA,NA,NA,NA,tue.6.3
tue,4/23,6,"Ellie, Mica, AJ",4,stage3.grasses.shrubs.trees,10,6.4,12.8,4,2,NA,NA,NA,NA,NA,tue.6.4
tue,4/23,6,"Ellie, Mica, AJ",5,stage3.grasses.shrubs.trees,9,6.5,12.8,4,0,NA,NA,NA,NA,NA,tue.6.5
wed,4/24,1,"Grace Weber, Marlena Hall, Zaera Craig, Valentine Perdu-Ripault",1,stage1.mowed,4,6.1,6,2,2,Closed burrows (not counted in column K): 2,NA,NA,NA,NA,wed.1.1
wed,4/24,1,"Grace Weber, Marlena Hall, Zaera Craig, Valentine Perdu-Ripault",2,stage1.mowed,5,6.7,6,1,0,0,NA,NA,NA,NA,wed.1.2
wed,4/24,1,"Grace Weber, Marlena Hall, Zaera Craig, Valentine Perdu-Ripault",3,stage1.mowed,4,7,6,1,1,0,NA,NA,NA,NA,wed.1.3
wed,4/24,1,"Grace Weber, Marlena Hall, Zaera Craig, Valentine Perdu-Ripault",4,stage1.mowed,6,6.5,7,2,1,2,NA,NA,NA,NA,wed.1.4
wed,4/24,1,"Grace Weber, Marlena Hall, Zaera Craig, Valentine Perdu-Ripault",5,stage1.mowed,3,6.4,6,4,0,1,NA,NA,NA,NA,wed.1.5
wed,4/24,2,"Ellie, Euan, Skye, Cody",1,stage2.grasses.herbs,9,8.1,9,2,2,1 closed burrow,NA,NA,NA,NA,wed.2.1
wed,4/24,2,"Ellie, Euan, Skye, Cody",2,stage2.grasses.herbs,4,7,8,2,1,2 closed burrows,NA,NA,NA,NA,wed.2.2
wed,4/24,2,"Ellie, Euan, Skye, Cody",3,stage2.grasses.herbs,2,7,8,1,0,1 closed burrow,NA,NA,NA,NA,wed.2.3
wed,4/24,2,"Ellie, Euan, Skye, Cody",4,stage2.grasses.herbs,3,7,8,1,1,0 closed burrows,NA,NA,NA,NA,wed.2.4
wed,4/24,2,"Ellie, Euan, Skye, Cody",5,stage2.grasses.herbs,2,7,8,2,3,0 closed burrows,NA,NA,NA,NA,wed.2.5
wed,4/24,3,"Allison, Eva, Ian, Bryce",1,stage3.grasses.shrubs.trees,10,6.7,10,1,0,no closed burrows,NA,NA,NA,NA,wed.3.1
wed,4/24,3,"Allison, Eva, Ian, Bryce",2,stage3.grasses.shrubs.trees,9,6.2,10,3,0,no closed burrows,NA,NA,NA,NA,wed.3.2
wed,4/24,3,"Allison, Eva, Ian, Bryce",3,stage3.grasses.shrubs.trees,8,6.6,8,2,0,no closed burrows,NA,NA,NA,NA,wed.3.3
wed,4/24,3,"Allison, Eva, Ian, Bryce",4,stage3.grasses.shrubs.trees,9,6,8,3,0,no closed burrows,NA,NA,NA,NA,wed.3.4
wed,4/24,3,"Allison, Eva, Ian, Bryce",5,stage3.grasses.shrubs.trees,8,6.7,9,1,0,no closed burrows,NA,NA,NA,NA,wed.3.5
wed,4/24,4,"Bryn, Randall, Avi, Kat",1,stage1.mowed,7,7,8,4,0,NA,NA,NA,NA,NA,wed.4.1
wed,4/24,4,"Bryn, Randall, Avi, Kat",2,stage1.mowed,7,6.4,8,4,4,NA,NA,NA,NA,NA,wed.4.2
wed,4/24,4,"Bryn, Randall, Avi, Kat",3,stage1.mowed,5,6.5,8,3,2,NA,NA,NA,NA,NA,wed.4.3
wed,4/24,4,"Bryn, Randall, Avi, Kat",4,stage1.mowed,7,6.5,9,5,0,NA,NA,NA,NA,NA,wed.4.4
wed,4/24,4,"Bryn, Randall, Avi, Kat",5,stage1.mowed,7,6.6,8,5,1,NA,NA,NA,NA,NA,wed.4.5
wed,4/24,5,Nora,1,stage2.grasses.herbs,9,7,5,4,0,0 closed,NA,NA,NA,NA,wed.5.1
wed,4/24,5,Audrey,2,stage2.grasses.herbs,10,7,5,2,0,1 closed,NA,NA,NA,NA,wed.5.2
wed,4/24,5,Luke,3,stage2.grasses.herbs,9,7,7,3,4,very mossy,NA,NA,NA,NA,wed.5.3
wed,4/24,5,Caitlin,4,stage2.grasses.herbs,9,7,8,2,1,especially hard mud,NA,NA,NA,NA,wed.5.4
wed,4/24,5,(all for all),5,stage2.grasses.herbs,7,6.6,6,2,2,1 closed,NA,NA,NA,NA,wed.5.5
wed,4/24,6,"Lily, Chloe, Kelli, Evan",1,stage3.grasses.shrubs.trees,10,7,8,3,0,0 closed,NA,NA,NA,NA,wed.6.1
wed,4/24,6,"Lily, Chloe, Kelli, Evan",2,stage3.grasses.shrubs.trees,8,7,6,2,0,0 closed,NA,NA,NA,NA,wed.6.2
wed,4/24,6,"Lily, Chloe, Kelli, Evan",3,stage3.grasses.shrubs.trees,8,7,6,2,1,1 closed,NA,NA,NA,NA,wed.6.3
wed,4/24,6,"Lily, Chloe, Kelli, Evan",4,stage3.grasses.shrubs.trees,8,7,7,2,0,1 closed,NA,NA,NA,NA,wed.6.4
wed,4/24,6,"Lily, Chloe, Kelli, Evan",5,stage3.grasses.shrubs.trees,8,7,5,3,2,3 closed,NA,NA,NA,NA,wed.6.5
